rownum,CUI1,CUI2,ce
0,C0012242,C0014869,0.3586168587207794
1,C0012242,C0033968,-0.014402988366782665
2,C0033968,C0039971,0.05785456672310829
3,C0012242,C0039971,0.0316031351685524
4,C0012242,C0039979,0.0817631408572197
5,C0033968,C0039979,0.0400468111038208
6,C0014869,C0033968,0.051221176981925964
7,C0014869,C0039971,-0.054056089371442795
8,C0014869,C0039979,0.06685784459114075
9,C0039971,C0039979,0.04599814862012863
