rownum,CUI1,CUI2,ce
0,C0012242,C0014869,-0.02731097675859928
1,C0012242,C0033968,-0.011466050520539284
2,C0033968,C0039971,0.17344383895397186
3,C0012242,C0039971,0.06479469686746597
4,C0012242,C0039979,0.11878696829080582
5,C0033968,C0039979,-0.07949040830135345
6,C0014869,C0033968,0.12061262875795364
7,C0014869,C0039971,0.00964304432272911
8,C0014869,C0039979,-0.012841473333537579
9,C0039971,C0039979,0.04870731756091118
