rownum,CUI1,CUI2,ce
0,C0012242,C0014869,0.06855252385139465
1,C0012242,C0033968,0.10488808155059814
2,C0033968,C0039971,-0.01455063559114933
3,C0012242,C0039971,-0.18642368912696838
4,C0012242,C0039979,0.20120036602020264
5,C0033968,C0039979,0.041795942932367325
6,C0014869,C0033968,-0.013929181732237339
7,C0014869,C0039971,0.28146034479141235
8,C0014869,C0039979,0.30520665645599365
9,C0039971,C0039979,0.10249154269695282
