rownum,CUI1,CUI2,ce
0,C0012242,C0014869,0.2042943388223648
1,C0012242,C0033968,0.012955653481185436
2,C0033968,C0039971,0.09269566833972931
3,C0012242,C0039971,0.044849175959825516
4,C0012242,C0039979,0.03804738447070122
5,C0033968,C0039979,-0.08428199589252472
6,C0014869,C0033968,0.06264650821685791
7,C0014869,C0039971,-0.05193709209561348
8,C0014869,C0039979,0.04407743364572525
9,C0039971,C0039979,0.028793826699256897
