rownum,CUI1,CUI2,ce
0,C0012242,C0014869,0.2884141206741333
1,C0012242,C0033968,-0.015087741427123547
2,C0033968,C0039971,0.10163956135511398
3,C0012242,C0039971,0.02520797774195671
4,C0012242,C0039979,0.08915027976036072
5,C0033968,C0039979,0.021711010485887527
6,C0014869,C0033968,-0.019795700907707214
7,C0014869,C0039971,-0.09342103451490402
8,C0014869,C0039979,-0.020556220784783363
9,C0039971,C0039979,0.04959858953952789
