rownum,CUI1,CUI2,ce
0,C0012242,C0014869,0.25652700662612915
1,C0012242,C0033968,-0.028143972158432007
2,C0033968,C0039971,0.06640151143074036
3,C0012242,C0039971,-0.0028244389686733484
4,C0012242,C0039979,0.15478695929050446
5,C0033968,C0039979,0.03223537281155586
6,C0014869,C0033968,0.007861118763685226
7,C0014869,C0039971,-0.03818655014038086
8,C0014869,C0039979,0.02801138535141945
9,C0039971,C0039979,-0.003249943722039461
