rownum,CUI1,CUI2,ce
0,C0012242,C0014869,-0.027310974895954132
1,C0012242,C0033968,-0.011466051451861858
2,C0033968,C0039971,0.17344383895397186
3,C0012242,C0039971,0.06479468196630478
4,C0012242,C0039979,0.11878696829080582
5,C0033968,C0039979,-0.07949040830135345
6,C0014869,C0033968,0.12061263620853424
7,C0014869,C0039971,0.009643045254051685
8,C0014869,C0039979,-0.012841475196182728
9,C0039971,C0039979,0.04870731383562088
