rownum,CUI1,CUI2,ce
0,C0012242,C0014869,0.3193747103214264
1,C0012242,C0033968,-0.04683779925107956
2,C0033968,C0039971,0.05130397900938988
3,C0012242,C0039971,0.0031896433793008327
4,C0012242,C0039979,0.15512408316135406
5,C0033968,C0039979,0.017038747668266296
6,C0014869,C0033968,-3.808870678767562E-4
7,C0014869,C0039971,0.0317537784576416
8,C0014869,C0039979,0.09745217859745026
9,C0039971,C0039979,0.009680046699941158
