rownum,CUI1,CUI2,ce
0,C0012242,C0014869,0.19672870635986328
1,C0012242,C0033968,0.03395744785666466
2,C0033968,C0039971,0.04597990959882736
3,C0012242,C0039971,0.024470489472150803
4,C0012242,C0039979,0.0769081860780716
5,C0033968,C0039979,0.09849855303764343
6,C0014869,C0033968,0.03271761164069176
7,C0014869,C0039971,-0.048309918493032455
8,C0014869,C0039979,0.03611578792333603
9,C0039971,C0039979,0.022094624117016792
