rownum,CUI1,CUI2,ce
0,C0012242,C0014869,0.30330973863601685
1,C0012242,C0033968,-0.033134955912828445
2,C0033968,C0039971,0.08113228529691696
3,C0012242,C0039971,-0.03916369006037712
4,C0012242,C0039979,0.1336609572172165
5,C0033968,C0039979,0.035621024668216705
6,C0014869,C0033968,-0.03882710263133049
7,C0014869,C0039971,-0.10401175916194916
8,C0014869,C0039979,-0.012844295240938663
9,C0039971,C0039979,0.03764018416404724
